{
  "count": 2,
  "value": [
    {
      "id": 2355,
      "rev": 4,
      "fields": {
        "System.AreaPath": "$ProjectName$\\N1308 - DigitalFactory - OBS",
        "System.TeamProject": "N1308 – DigitalFactory – Infra Cloud",
        "System.IterationPath": "$ProjectName$\\Sprint 2",
        "System.WorkItemType": "Bug",
        "System.State": "Done",
        "System.Reason": "Work finished",
        "System.CreatedDate": "2022-04-05T14:31:04.103Z",
        "System.CreatedBy": "Savério NAPOLITANO <Saverio.NAPOLITANO@adp.fr>",
        "System.ChangedDate": "2022-04-13T07:56:50.033Z",
        "System.ChangedBy": "THOMAS GUEHENNEC <Thomas.GUEHENNEC@adp.fr>",
        "System.Title": "Ouverture de flux KO parclival ",
        "Microsoft.VSTS.Scheduling.Effort": 0.0,
        "System.Description": "<div>Les appelles vers parclival ou bien&nbsp;<span style=\"font-size:11.0pt;font-family:&quot;Calibri&quot;,sans-serif;\">: 10.60.169.65 sont KO&nbsp;</span> </div><div><img src=\"https://dev.azure.com/GroupeADP/0ab2c281-d7a5-4fff-9ae2-30742ed6a2d1/_apis/wit/attachments/0c2a80ac-5200-4ab8-bed4-c142b43946c4?fileName=image.png\" alt=Image><br> </div>",
        "System.AssignedTo": "THOMAS GUEHENNEC <Thomas.GUEHENNEC@adp.fr>",
        "Microsoft.VSTS.Scheduling.RemainingWork": 0.0,
        "Microsoft.VSTS.Common.Priority": 2.0,
        "System.BoardLane": null,
        "System.Tags": null,
        "Microsoft.VSTS.TCM.Steps": null,
        "Microsoft.VSTS.TCM.Parameters": null,
        "Microsoft.VSTS.TCM.LocalDataSource": null,
        "Microsoft.VSTS.TCM.AutomationStatus": null,
        "System.History": null
      },
      "relations": [
        {
          "rel": "System.LinkTypes.Hierarchy-Reverse",
          "url": "https://dev.azure.com/GroupeADP/_apis/wit/workItems/2170",
          "attributes": {
            "isLocked": "false",
            "name": "Parent"
          }
        }
      ],
      "url": "https://dev.azure.com/GroupeADP/_apis/wit/workItems/2355"
    },
    {
      "id": 3848,
      "rev": 7,
      "fields": {
        "System.AreaPath": "$ProjectName$\\N1308 - DigitalFactory - OBS",
        "System.TeamProject": "N1308 – DigitalFactory – Infra Cloud",
        "System.IterationPath": "$ProjectName$\\Sprint 4",
        "System.WorkItemType": "Bug",
        "System.State": "Done",
        "System.Reason": "Work finished",
        "System.CreatedDate": "2022-08-18T13:20:06.77Z",
        "System.CreatedBy": "Savério NAPOLITANO <Saverio.NAPOLITANO@adp.fr>",
        "System.ChangedDate": "2022-10-19T12:15:56.82Z",
        "System.ChangedBy": "Savério NAPOLITANO <Saverio.NAPOLITANO@adp.fr>",
        "System.Title": "Owasp blocking izberg WK ",
        "Microsoft.VSTS.Scheduling.Effort": 0.0,
        "System.Description": null,
        "System.AssignedTo": "Savério NAPOLITANO <Saverio.NAPOLITANO@adp.fr>",
        "Microsoft.VSTS.Scheduling.RemainingWork": 0.0,
        "Microsoft.VSTS.Common.Priority": 2.0,
        "System.BoardLane": null,
        "System.Tags": null,
        "Microsoft.VSTS.TCM.Steps": null,
        "Microsoft.VSTS.TCM.Parameters": null,
        "Microsoft.VSTS.TCM.LocalDataSource": null,
        "Microsoft.VSTS.TCM.AutomationStatus": null,
        "System.History": null
      },
      "relations": [
        {
          "rel": "ArtifactLink",
          "url": "vstfs:///Git/Commit/0ab2c281-d7a5-4fff-9ae2-30742ed6a2d1%2fc284f86a-b112-4f05-b999-08ca60a9e300%2ff49622f02275394d1f51e1b185b7035b9ea8f7d1",
          "attributes": {
            "authorizedDate": "2022-08-18T13:23:13.603Z",
            "id": "5741318",
            "resourceCreatedDate": "2022-08-18T13:23:13.603Z",
            "resourceModifiedDate": "2022-08-18T13:23:13.603Z",
            "revisedDate": "9999-01-01T00:00:00Z",
            "name": "Fixed in Commit"
          }
        },
        {
          "rel": "ArtifactLink",
          "url": "vstfs:///Git/Commit/0ab2c281-d7a5-4fff-9ae2-30742ed6a2d1%2fc284f86a-b112-4f05-b999-08ca60a9e300%2f107953d2b1bdc685466783a796d124af60ce0627",
          "attributes": {
            "authorizedDate": "2022-08-18T13:20:54.063Z",
            "id": "5741310",
            "resourceCreatedDate": "2022-08-18T13:20:54.063Z",
            "resourceModifiedDate": "2022-08-18T13:20:54.063Z",
            "revisedDate": "9999-01-01T00:00:00Z",
            "name": "Fixed in Commit"
          }
        },
        {
          "rel": "ArtifactLink",
          "url": "vstfs:///Git/PullRequestId/0ab2c281-d7a5-4fff-9ae2-30742ed6a2d1%2Fc284f86a-b112-4f05-b999-08ca60a9e300%2F1411",
          "attributes": {
            "authorizedDate": "2022-08-18T13:20:43.613Z",
            "id": "5741309",
            "resourceCreatedDate": "2022-08-18T13:20:43.613Z",
            "resourceModifiedDate": "2022-08-18T13:20:43.613Z",
            "revisedDate": "9999-01-01T00:00:00Z",
            "name": "Pull Request"
          }
        },
        {
          "rel": "ArtifactLink",
          "url": "vstfs:///Git/PullRequestId/0ab2c281-d7a5-4fff-9ae2-30742ed6a2d1%2Fc284f86a-b112-4f05-b999-08ca60a9e300%2F1412",
          "attributes": {
            "authorizedDate": "2022-08-18T13:22:56.867Z",
            "id": "5741317",
            "resourceCreatedDate": "2022-08-18T13:22:56.867Z",
            "resourceModifiedDate": "2022-08-18T13:22:56.867Z",
            "revisedDate": "9999-01-01T00:00:00Z",
            "name": "Pull Request"
          }
        }
      ],
      "url": "https://dev.azure.com/GroupeADP/_apis/wit/workItems/3848"
    }
  ],
  "HttpStatusCode": 0,
  "Message": null
}