{
  "count": 2,
  "value": [
    {
      "id": 2149,
      "rev": 2,
      "fields": {
        "System.AreaPath": "N1308 – DigitalFactory – Infra Cloud",
        "System.TeamProject": "N1308 – DigitalFactory – Infra Cloud",
        "System.IterationPath": "N1308 – DigitalFactory – Infra Cloud",
        "System.WorkItemType": "Epic",
        "System.State": "New",
        "System.Reason": "New epic",
        "System.CreatedDate": "2022-02-18T13:37:26.927Z",
        "System.CreatedBy": "gwendall.garnier <gwendall.garnier@orange.com>",
        "System.ChangedDate": "2022-02-18T13:37:26.927Z",
        "System.ChangedBy": "gwendall.garnier <gwendall.garnier@orange.com>",
        "System.Title": "Gouvernance ",
        "Microsoft.VSTS.Scheduling.Effort": 0.0,
        "System.Description": null,
        "System.AssignedTo": null,
        "Microsoft.VSTS.Scheduling.RemainingWork": 0.0,
        "Microsoft.VSTS.Common.Priority": 2.0,
        "System.BoardLane": null,
        "System.Tags": null,
        "Microsoft.VSTS.TCM.Steps": null,
        "Microsoft.VSTS.TCM.Parameters": null,
        "Microsoft.VSTS.TCM.LocalDataSource": null,
        "Microsoft.VSTS.TCM.AutomationStatus": null,
        "System.History": null
      },
      "relations": [
        {
          "rel": "System.LinkTypes.Hierarchy-Forward",
          "url": "https://dev.azure.com/GroupeADP/_apis/wit/workItems/2185",
          "attributes": {
            "isLocked": "false",
            "name": "Child"
          }
        },
        {
          "rel": "System.LinkTypes.Hierarchy-Forward",
          "url": "https://dev.azure.com/GroupeADP/_apis/wit/workItems/2186",
          "attributes": {
            "isLocked": "false",
            "name": "Child"
          }
        },
        {
          "rel": "System.LinkTypes.Hierarchy-Forward",
          "url": "https://dev.azure.com/GroupeADP/_apis/wit/workItems/2194",
          "attributes": {
            "isLocked": "false",
            "name": "Child"
          }
        }
      ],
      "url": "https://dev.azure.com/GroupeADP/_apis/wit/workItems/2149"
    },
    {
      "id": 2151,
      "rev": 2,
      "fields": {
        "System.AreaPath": "N1308 – DigitalFactory – Infra Cloud",
        "System.TeamProject": "N1308 – DigitalFactory – Infra Cloud",
        "System.IterationPath": "N1308 – DigitalFactory – Infra Cloud",
        "System.WorkItemType": "Epic",
        "System.State": "New",
        "System.Reason": "New epic",
        "System.CreatedDate": "2022-02-18T13:38:10.663Z",
        "System.CreatedBy": "gwendall.garnier <gwendall.garnier@orange.com>",
        "System.ChangedDate": "2022-02-18T13:38:10.663Z",
        "System.ChangedBy": "gwendall.garnier <gwendall.garnier@orange.com>",
        "System.Title": "Architecture",
        "Microsoft.VSTS.Scheduling.Effort": 0.0,
        "System.Description": null,
        "System.AssignedTo": null,
        "Microsoft.VSTS.Scheduling.RemainingWork": 0.0,
        "Microsoft.VSTS.Common.Priority": 2.0,
        "System.BoardLane": null,
        "System.Tags": null,
        "Microsoft.VSTS.TCM.Steps": null,
        "Microsoft.VSTS.TCM.Parameters": null,
        "Microsoft.VSTS.TCM.LocalDataSource": null,
        "Microsoft.VSTS.TCM.AutomationStatus": null,
        "System.History": null
      },
      "relations": [
        {
          "rel": "System.LinkTypes.Hierarchy-Forward",
          "url": "https://dev.azure.com/GroupeADP/_apis/wit/workItems/2187",
          "attributes": {
            "isLocked": "false",
            "name": "Child"
          }
        },
        {
          "rel": "System.LinkTypes.Hierarchy-Forward",
          "url": "https://dev.azure.com/GroupeADP/_apis/wit/workItems/2443",
          "attributes": {
            "isLocked": "false",
            "name": "Child"
          }
        },
        {
          "rel": "System.LinkTypes.Hierarchy-Forward",
          "url": "https://dev.azure.com/GroupeADP/_apis/wit/workItems/2189",
          "attributes": {
            "isLocked": "false",
            "name": "Child"
          }
        },
        {
          "rel": "System.LinkTypes.Hierarchy-Forward",
          "url": "https://dev.azure.com/GroupeADP/_apis/wit/workItems/2188",
          "attributes": {
            "isLocked": "false",
            "name": "Child"
          }
        },
        {
          "rel": "System.LinkTypes.Hierarchy-Forward",
          "url": "https://dev.azure.com/GroupeADP/_apis/wit/workItems/2152",
          "attributes": {
            "isLocked": "false",
            "name": "Child"
          }
        }
      ],
      "url": "https://dev.azure.com/GroupeADP/_apis/wit/workItems/2151"
    }
  ],
  "HttpStatusCode": 0,
  "Message": null
}