{
  "count": 8,
  "value": [
    {
      "id": 2152,
      "rev": 3,
      "fields": {
        "System.AreaPath": "N1308 – DigitalFactory – Infra Cloud",
        "System.TeamProject": "N1308 – DigitalFactory – Infra Cloud",
        "System.IterationPath": "N1308 – DigitalFactory – Infra Cloud",
        "System.WorkItemType": "Feature",
        "System.State": "New",
        "System.Reason": "New feature",
        "System.CreatedDate": "2022-02-18T13:46:28.64Z",
        "System.CreatedBy": "gwendall.garnier <gwendall.garnier@orange.com>",
        "System.ChangedDate": "2022-02-28T08:54:00.897Z",
        "System.ChangedBy": "Benjamin Brison <benjamin.brison@orange.com>",
        "System.Title": "Construction plateforme VAL/PRO",
        "Microsoft.VSTS.Scheduling.Effort": 0.0,
        "System.Description": "<div>création de la plateform azure cloud pour eShop&nbsp; / moteur de recherche / bol<br> </div>",
        "System.AssignedTo": null,
        "Microsoft.VSTS.Scheduling.RemainingWork": 0.0,
        "Microsoft.VSTS.Common.Priority": 2.0,
        "System.BoardLane": null,
        "System.Tags": null,
        "Microsoft.VSTS.TCM.Steps": null,
        "Microsoft.VSTS.TCM.Parameters": null,
        "Microsoft.VSTS.TCM.LocalDataSource": null,
        "Microsoft.VSTS.TCM.AutomationStatus": null,
        "System.History": null
      },
      "relations": [
        {
          "rel": "System.LinkTypes.Hierarchy-Forward",
          "url": "https://dev.azure.com/GroupeADP/_apis/wit/workItems/2170",
          "attributes": {
            "isLocked": "false",
            "name": "Child"
          }
        },
        {
          "rel": "System.LinkTypes.Hierarchy-Reverse",
          "url": "https://dev.azure.com/GroupeADP/_apis/wit/workItems/2151",
          "attributes": {
            "isLocked": "false",
            "name": "Parent"
          }
        },
        {
          "rel": "System.LinkTypes.Hierarchy-Forward",
          "url": "https://dev.azure.com/GroupeADP/_apis/wit/workItems/2160",
          "attributes": {
            "isLocked": "false",
            "name": "Child"
          }
        }
      ],
      "url": "https://dev.azure.com/GroupeADP/_apis/wit/workItems/2152"
    },
    {
      "id": 2185,
      "rev": 2,
      "fields": {
        "System.AreaPath": "N1308 – DigitalFactory – Infra Cloud",
        "System.TeamProject": "N1308 – DigitalFactory – Infra Cloud",
        "System.IterationPath": "N1308 – DigitalFactory – Infra Cloud",
        "System.WorkItemType": "Feature",
        "System.State": "New",
        "System.Reason": "New feature",
        "System.CreatedDate": "2022-02-28T08:20:15.603Z",
        "System.CreatedBy": "Benjamin Brison <benjamin.brison@orange.com>",
        "System.ChangedDate": "2022-02-28T08:20:15.603Z",
        "System.ChangedBy": "Benjamin Brison <benjamin.brison@orange.com>",
        "System.Title": "FinOps",
        "Microsoft.VSTS.Scheduling.Effort": 0.0,
        "System.Description": null,
        "System.AssignedTo": null,
        "Microsoft.VSTS.Scheduling.RemainingWork": 0.0,
        "Microsoft.VSTS.Common.Priority": 2.0,
        "System.BoardLane": null,
        "System.Tags": null,
        "Microsoft.VSTS.TCM.Steps": null,
        "Microsoft.VSTS.TCM.Parameters": null,
        "Microsoft.VSTS.TCM.LocalDataSource": null,
        "Microsoft.VSTS.TCM.AutomationStatus": null,
        "System.History": null
      },
      "relations": [
        {
          "rel": "System.LinkTypes.Hierarchy-Reverse",
          "url": "https://dev.azure.com/GroupeADP/_apis/wit/workItems/2149",
          "attributes": {
            "isLocked": "false",
            "name": "Parent"
          }
        }
      ],
      "url": "https://dev.azure.com/GroupeADP/_apis/wit/workItems/2185"
    },
    {
      "id": 2186,
      "rev": 2,
      "fields": {
        "System.AreaPath": "N1308 – DigitalFactory – Infra Cloud",
        "System.TeamProject": "N1308 – DigitalFactory – Infra Cloud",
        "System.IterationPath": "N1308 – DigitalFactory – Infra Cloud",
        "System.WorkItemType": "Feature",
        "System.State": "New",
        "System.Reason": "New feature",
        "System.CreatedDate": "2022-02-28T08:21:31.44Z",
        "System.CreatedBy": "Benjamin Brison <benjamin.brison@orange.com>",
        "System.ChangedDate": "2022-02-28T08:21:31.44Z",
        "System.ChangedBy": "Benjamin Brison <benjamin.brison@orange.com>",
        "System.Title": "Socle et outillage",
        "Microsoft.VSTS.Scheduling.Effort": 0.0,
        "System.Description": null,
        "System.AssignedTo": null,
        "Microsoft.VSTS.Scheduling.RemainingWork": 0.0,
        "Microsoft.VSTS.Common.Priority": 2.0,
        "System.BoardLane": null,
        "System.Tags": null,
        "Microsoft.VSTS.TCM.Steps": null,
        "Microsoft.VSTS.TCM.Parameters": null,
        "Microsoft.VSTS.TCM.LocalDataSource": null,
        "Microsoft.VSTS.TCM.AutomationStatus": null,
        "System.History": null
      },
      "relations": [
        {
          "rel": "System.LinkTypes.Hierarchy-Forward",
          "url": "https://dev.azure.com/GroupeADP/_apis/wit/workItems/2696",
          "attributes": {
            "isLocked": "false",
            "name": "Child"
          }
        },
        {
          "rel": "System.LinkTypes.Hierarchy-Reverse",
          "url": "https://dev.azure.com/GroupeADP/_apis/wit/workItems/2149",
          "attributes": {
            "isLocked": "false",
            "name": "Parent"
          }
        }
      ],
      "url": "https://dev.azure.com/GroupeADP/_apis/wit/workItems/2186"
    },
    {
      "id": 2187,
      "rev": 3,
      "fields": {
        "System.AreaPath": "N1308 – DigitalFactory – Infra Cloud",
        "System.TeamProject": "N1308 – DigitalFactory – Infra Cloud",
        "System.IterationPath": "N1308 – DigitalFactory – Infra Cloud",
        "System.WorkItemType": "Feature",
        "System.State": "New",
        "System.Reason": "New feature",
        "System.CreatedDate": "2022-02-28T09:16:49.66Z",
        "System.CreatedBy": "Benjamin Brison <benjamin.brison@orange.com>",
        "System.ChangedDate": "2022-02-28T09:18:56.01Z",
        "System.ChangedBy": "Benjamin Brison <benjamin.brison@orange.com>",
        "System.Title": "[Transverse] Projet BOL",
        "Microsoft.VSTS.Scheduling.Effort": 0.0,
        "System.Description": null,
        "System.AssignedTo": null,
        "Microsoft.VSTS.Scheduling.RemainingWork": 0.0,
        "Microsoft.VSTS.Common.Priority": 2.0,
        "System.BoardLane": null,
        "System.Tags": null,
        "Microsoft.VSTS.TCM.Steps": null,
        "Microsoft.VSTS.TCM.Parameters": null,
        "Microsoft.VSTS.TCM.LocalDataSource": null,
        "Microsoft.VSTS.TCM.AutomationStatus": null,
        "System.History": null
      },
      "relations": [
        {
          "rel": "System.LinkTypes.Hierarchy-Reverse",
          "url": "https://dev.azure.com/GroupeADP/_apis/wit/workItems/2151",
          "attributes": {
            "isLocked": "false",
            "name": "Parent"
          }
        },
        {
          "rel": "System.LinkTypes.Hierarchy-Forward",
          "url": "https://dev.azure.com/GroupeADP/_apis/wit/workItems/2309",
          "attributes": {
            "isLocked": "false",
            "name": "Child"
          }
        },
        {
          "rel": "System.LinkTypes.Hierarchy-Forward",
          "url": "https://dev.azure.com/GroupeADP/_apis/wit/workItems/2156",
          "attributes": {
            "isLocked": "false",
            "name": "Child"
          }
        }
      ],
      "url": "https://dev.azure.com/GroupeADP/_apis/wit/workItems/2187"
    },
    {
      "id": 2188,
      "rev": 3,
      "fields": {
        "System.AreaPath": "N1308 – DigitalFactory – Infra Cloud",
        "System.TeamProject": "N1308 – DigitalFactory – Infra Cloud",
        "System.IterationPath": "N1308 – DigitalFactory – Infra Cloud",
        "System.WorkItemType": "Feature",
        "System.State": "New",
        "System.Reason": "New feature",
        "System.CreatedDate": "2022-02-28T09:18:29.863Z",
        "System.CreatedBy": "Benjamin Brison <benjamin.brison@orange.com>",
        "System.ChangedDate": "2022-02-28T09:19:03.543Z",
        "System.ChangedBy": "Benjamin Brison <benjamin.brison@orange.com>",
        "System.Title": "[Transverse] Projet Search Engine",
        "Microsoft.VSTS.Scheduling.Effort": 0.0,
        "System.Description": null,
        "System.AssignedTo": null,
        "Microsoft.VSTS.Scheduling.RemainingWork": 0.0,
        "Microsoft.VSTS.Common.Priority": 2.0,
        "System.BoardLane": null,
        "System.Tags": null,
        "Microsoft.VSTS.TCM.Steps": null,
        "Microsoft.VSTS.TCM.Parameters": null,
        "Microsoft.VSTS.TCM.LocalDataSource": null,
        "Microsoft.VSTS.TCM.AutomationStatus": null,
        "System.History": null
      },
      "relations": [
        {
          "rel": "System.LinkTypes.Hierarchy-Reverse",
          "url": "https://dev.azure.com/GroupeADP/_apis/wit/workItems/2151",
          "attributes": {
            "isLocked": "false",
            "name": "Parent"
          }
        },
        {
          "rel": "System.LinkTypes.Hierarchy-Forward",
          "url": "https://dev.azure.com/GroupeADP/_apis/wit/workItems/2157",
          "attributes": {
            "isLocked": "false",
            "name": "Child"
          }
        }
      ],
      "url": "https://dev.azure.com/GroupeADP/_apis/wit/workItems/2188"
    },
    {
      "id": 2189,
      "rev": 2,
      "fields": {
        "System.AreaPath": "N1308 – DigitalFactory – Infra Cloud",
        "System.TeamProject": "N1308 – DigitalFactory – Infra Cloud",
        "System.IterationPath": "N1308 – DigitalFactory – Infra Cloud",
        "System.WorkItemType": "Feature",
        "System.State": "New",
        "System.Reason": "New feature",
        "System.CreatedDate": "2022-02-28T09:26:43.027Z",
        "System.CreatedBy": "Benjamin Brison <benjamin.brison@orange.com>",
        "System.ChangedDate": "2022-02-28T09:26:43.027Z",
        "System.ChangedBy": "Benjamin Brison <benjamin.brison@orange.com>",
        "System.Title": "[Transverse] Tooling et automatisation",
        "Microsoft.VSTS.Scheduling.Effort": 0.0,
        "System.Description": null,
        "System.AssignedTo": null,
        "Microsoft.VSTS.Scheduling.RemainingWork": 0.0,
        "Microsoft.VSTS.Common.Priority": 2.0,
        "System.BoardLane": null,
        "System.Tags": null,
        "Microsoft.VSTS.TCM.Steps": null,
        "Microsoft.VSTS.TCM.Parameters": null,
        "Microsoft.VSTS.TCM.LocalDataSource": null,
        "Microsoft.VSTS.TCM.AutomationStatus": null,
        "System.History": null
      },
      "relations": [
        {
          "rel": "System.LinkTypes.Hierarchy-Forward",
          "url": "https://dev.azure.com/GroupeADP/_apis/wit/workItems/2153",
          "attributes": {
            "isLocked": "false",
            "name": "Child"
          }
        },
        {
          "rel": "System.LinkTypes.Hierarchy-Reverse",
          "url": "https://dev.azure.com/GroupeADP/_apis/wit/workItems/2151",
          "attributes": {
            "isLocked": "false",
            "name": "Parent"
          }
        }
      ],
      "url": "https://dev.azure.com/GroupeADP/_apis/wit/workItems/2189"
    },
    {
      "id": 2194,
      "rev": 2,
      "fields": {
        "System.AreaPath": "N1308 – DigitalFactory – Infra Cloud",
        "System.TeamProject": "N1308 – DigitalFactory – Infra Cloud",
        "System.IterationPath": "N1308 – DigitalFactory – Infra Cloud",
        "System.WorkItemType": "Feature",
        "System.State": "New",
        "System.Reason": "New feature",
        "System.CreatedDate": "2022-03-02T13:39:15.163Z",
        "System.CreatedBy": "Benjamin Brison <benjamin.brison@orange.com>",
        "System.ChangedDate": "2022-03-02T13:39:15.163Z",
        "System.ChangedBy": "Benjamin Brison <benjamin.brison@orange.com>",
        "System.Title": "Accompagnement",
        "Microsoft.VSTS.Scheduling.Effort": 0.0,
        "System.Description": null,
        "System.AssignedTo": null,
        "Microsoft.VSTS.Scheduling.RemainingWork": 0.0,
        "Microsoft.VSTS.Common.Priority": 2.0,
        "System.BoardLane": null,
        "System.Tags": null,
        "Microsoft.VSTS.TCM.Steps": null,
        "Microsoft.VSTS.TCM.Parameters": null,
        "Microsoft.VSTS.TCM.LocalDataSource": null,
        "Microsoft.VSTS.TCM.AutomationStatus": null,
        "System.History": null
      },
      "relations": [
        {
          "rel": "System.LinkTypes.Hierarchy-Forward",
          "url": "https://dev.azure.com/GroupeADP/_apis/wit/workItems/2275",
          "attributes": {
            "isLocked": "false",
            "name": "Child"
          }
        },
        {
          "rel": "System.LinkTypes.Hierarchy-Forward",
          "url": "https://dev.azure.com/GroupeADP/_apis/wit/workItems/2195",
          "attributes": {
            "isLocked": "false",
            "name": "Child"
          }
        },
        {
          "rel": "System.LinkTypes.Hierarchy-Forward",
          "url": "https://dev.azure.com/GroupeADP/_apis/wit/workItems/2196",
          "attributes": {
            "isLocked": "false",
            "name": "Child"
          }
        },
        {
          "rel": "System.LinkTypes.Hierarchy-Reverse",
          "url": "https://dev.azure.com/GroupeADP/_apis/wit/workItems/2149",
          "attributes": {
            "isLocked": "false",
            "name": "Parent"
          }
        }
      ],
      "url": "https://dev.azure.com/GroupeADP/_apis/wit/workItems/2194"
    },
    {
      "id": 2443,
      "rev": 1,
      "fields": {
        "System.AreaPath": "N1308 – DigitalFactory – Infra Cloud",
        "System.TeamProject": "N1308 – DigitalFactory – Infra Cloud",
        "System.IterationPath": "N1308 – DigitalFactory – Infra Cloud",
        "System.WorkItemType": "Feature",
        "System.State": "New",
        "System.Reason": "New feature",
        "System.CreatedDate": "2022-04-14T09:20:23.997Z",
        "System.CreatedBy": "Benjamin Brison <benjamin.brison@orange.com>",
        "System.ChangedDate": "2022-04-14T09:20:23.997Z",
        "System.ChangedBy": "Benjamin Brison <benjamin.brison@orange.com>",
        "System.Title": "[Transverse] Projet eShop",
        "Microsoft.VSTS.Scheduling.Effort": 0.0,
        "System.Description": null,
        "System.AssignedTo": null,
        "Microsoft.VSTS.Scheduling.RemainingWork": 0.0,
        "Microsoft.VSTS.Common.Priority": 2.0,
        "System.BoardLane": null,
        "System.Tags": null,
        "Microsoft.VSTS.TCM.Steps": null,
        "Microsoft.VSTS.TCM.Parameters": null,
        "Microsoft.VSTS.TCM.LocalDataSource": null,
        "Microsoft.VSTS.TCM.AutomationStatus": null,
        "System.History": null
      },
      "relations": [
        {
          "rel": "System.LinkTypes.Hierarchy-Forward",
          "url": "https://dev.azure.com/GroupeADP/_apis/wit/workItems/2270",
          "attributes": {
            "isLocked": "false",
            "name": "Child"
          }
        },
        {
          "rel": "System.LinkTypes.Hierarchy-Reverse",
          "url": "https://dev.azure.com/GroupeADP/_apis/wit/workItems/2151",
          "attributes": {
            "isLocked": "false",
            "name": "Parent"
          }
        }
      ],
      "url": "https://dev.azure.com/GroupeADP/_apis/wit/workItems/2443"
    }
  ],
  "HttpStatusCode": 0,
  "Message": null
}