{
  "count": 6,
  "value": [
    {
      "id": 2208,
      "rev": 3,
      "fields": {
        "System.AreaPath": "$ProjectName$\\N1308 - DigitalFactory - OBS",
        "System.TeamProject": "N1308 – DigitalFactory – Infra Cloud",
        "System.IterationPath": "$ProjectName$\\Sprint 2",
        "System.WorkItemType": "Impediment",
        "System.State": "Closed",
        "System.Reason": "Impediment removed",
        "System.CreatedDate": "2022-03-08T09:08:21.88Z",
        "System.CreatedBy": "Benjamin Brison <benjamin.brison@orange.com>",
        "System.ChangedDate": "2022-03-28T14:14:04Z",
        "System.ChangedBy": "Benjamin Brison <benjamin.brison@orange.com>",
        "System.Title": "Disponibilité Team ADP pour mise en place prérequis SPN master",
        "Microsoft.VSTS.Scheduling.Effort": 0.0,
        "System.Description": null,
        "System.AssignedTo": null,
        "Microsoft.VSTS.Scheduling.RemainingWork": 0.0,
        "Microsoft.VSTS.Common.Priority": 2.0,
        "System.BoardLane": null,
        "System.Tags": null,
        "Microsoft.VSTS.TCM.Steps": null,
        "Microsoft.VSTS.TCM.Parameters": null,
        "Microsoft.VSTS.TCM.LocalDataSource": null,
        "Microsoft.VSTS.TCM.AutomationStatus": null,
        "System.History": null
      },
      "relations": [
        {
          "rel": "System.LinkTypes.Hierarchy-Reverse",
          "url": "https://dev.azure.com/GroupeADP/_apis/wit/workItems/2153",
          "attributes": {
            "isLocked": "false",
            "name": "Parent"
          }
        }
      ],
      "url": "https://dev.azure.com/GroupeADP/_apis/wit/workItems/2208"
    },
    {
      "id": 2210,
      "rev": 8,
      "fields": {
        "System.AreaPath": "$ProjectName$\\N1308 - DigitalFactory - OBS",
        "System.TeamProject": "N1308 – DigitalFactory – Infra Cloud",
        "System.IterationPath": "$ProjectName$\\Sprint 2",
        "System.WorkItemType": "Impediment",
        "System.State": "Open",
        "System.Reason": "New impediment",
        "System.CreatedDate": "2022-03-09T09:07:08.21Z",
        "System.CreatedBy": "Benjamin Brison <benjamin.brison@orange.com>",
        "System.ChangedDate": "2022-03-11T10:48:02.44Z",
        "System.ChangedBy": "gwendall.garnier <gwendall.garnier@orange.com>",
        "System.Title": "Obtention des certificats SSL estampillés \"digital\"",
        "Microsoft.VSTS.Scheduling.Effort": 0.0,
        "System.Description": "<div>Privilégier à priori certificat wildcard ! </div><div><br> </div><div>Application Gateway&nbsp; ( extern )&nbsp; / gandi&nbsp; </div><div><ul><li>*.dev.digital.cloud-adp.fr&nbsp;<span style=\"display:inline !important;\"></span> </li><li>*.val.digital.cloud-adp.fr </li><li>*.pro.digital.cloud-adp.fr </li> </ul><div>ou ( sans wildcard )&nbsp; </div><div><ul style=\"box-sizing:border-box;padding:0px 0px 0px 40px;\"><li style=\"box-sizing:border-box;\">api.dev.digital.cloud-adp.fr&nbsp;<span style=\"box-sizing:border-box;display:inline !important;\"></span> </li><li style=\"box-sizing:border-box;\">developer.dev.digital.cloud-adp.fr&nbsp;<br> </li><li style=\"box-sizing:border-box;\">management.dev.digital.cloud-adp.fr&nbsp;<br> </li><li style=\"box-sizing:border-box;\">bol.<span style=\"display:inline !important;\">dev.digital.cloud-adp.fr&nbsp;</span> </li><li style=\"box-sizing:border-box;\"><span style=\"display:inline !important;\">search-engine.dev<span style=\"display:inline !important;\">.digital.cloud-adp.fr&nbsp;</span></span> </li><li style=\"box-sizing:border-box;\"><span style=\"display:inline !important;\"><span style=\"display:inline !important;\">...</span></span> </li><li style=\"box-sizing:border-box;\"><span style=\"display:inline !important;\"><span style=\"display:inline !important;\"><br></span></span> </li><li style=\"box-sizing:border-box;\">api.val.digital.cloud-adp.fr&nbsp;<span style=\"box-sizing:border-box;display:inline !important;\"></span> </li><li style=\"box-sizing:border-box;\">developer.val.digital.cloud-adp.fr&nbsp;<br style=\"box-sizing:border-box;\"> </li><li style=\"box-sizing:border-box;\">management.val.digital.cloud-adp.fr </li><li style=\"box-sizing:border-box;\">bol.<span style=\"box-sizing:border-box;display:inline !important;\">val.digital.cloud-adp.fr&nbsp;</span> </li><li style=\"box-sizing:border-box;\"><span style=\"box-sizing:border-box;display:inline !important;\">search-engine.val<span style=\"box-sizing:border-box;display:inline !important;\">.digital.cloud-adp.fr&nbsp;</span></span> </li><li style=\"box-sizing:border-box;\">... </li><li style=\"box-sizing:border-box;\"><br> </li><li style=\"box-sizing:border-box;\">api.pro.digital.cloud-adp.fr&nbsp;<span style=\"box-sizing:border-box;display:inline !important;\"></span> </li><li style=\"box-sizing:border-box;\">developer.<span style=\"display:inline !important;\">pro</span>.digital.cloud-adp.fr&nbsp;<br style=\"box-sizing:border-box;\"> </li><li style=\"box-sizing:border-box;\">management.<span style=\"display:inline !important;\">pro</span>.digital.cloud-adp.fr </li><li style=\"box-sizing:border-box;\">bol.<span style=\"box-sizing:border-box;display:inline !important;\">pro.digital.cloud-adp.fr&nbsp;</span> </li><li style=\"box-sizing:border-box;\"><span style=\"box-sizing:border-box;display:inline !important;\">search-engine.pro<span style=\"box-sizing:border-box;display:inline !important;\">.digital.cloud-adp.fr&nbsp;</span></span> </li><li style=\"box-sizing:border-box;\">... </li> </ul><br> </div><div><br> </div><div>APIM ( intern ) / azure certification&nbsp; </div><div><ul style=\"box-sizing:border-box;padding:0px 0px 0px 40px;\"><li style=\"box-sizing:border-box;\">*.dev.digital.cloud-adp.int </li><li style=\"box-sizing:border-box;\">*.val.digital.cloud-adp.int </li><li style=\"box-sizing:border-box;\">*.pro.digital.cloud-adp.int </li> </ul> </div><div><span>A router/voir avec Fabian =&gt; point à prévoir.</span><br> </div> </div>",
        "System.AssignedTo": null,
        "Microsoft.VSTS.Scheduling.RemainingWork": 0.0,
        "Microsoft.VSTS.Common.Priority": 2.0,
        "System.BoardLane": null,
        "System.Tags": null,
        "Microsoft.VSTS.TCM.Steps": null,
        "Microsoft.VSTS.TCM.Parameters": null,
        "Microsoft.VSTS.TCM.LocalDataSource": null,
        "Microsoft.VSTS.TCM.AutomationStatus": null,
        "System.History": null
      },
      "relations": [
        {
          "rel": "System.LinkTypes.Hierarchy-Reverse",
          "url": "https://dev.azure.com/GroupeADP/_apis/wit/workItems/2160",
          "attributes": {
            "isLocked": "false",
            "name": "Parent"
          }
        }
      ],
      "url": "https://dev.azure.com/GroupeADP/_apis/wit/workItems/2210"
    },
    {
      "id": 2211,
      "rev": 3,
      "fields": {
        "System.AreaPath": "N1308 – DigitalFactory – Infra Cloud",
        "System.TeamProject": "N1308 – DigitalFactory – Infra Cloud",
        "System.IterationPath": "N1308 – DigitalFactory – Infra Cloud",
        "System.WorkItemType": "Impediment",
        "System.State": "Open",
        "System.Reason": "New impediment",
        "System.CreatedDate": "2022-03-09T10:17:15.737Z",
        "System.CreatedBy": "gwendall.garnier <gwendall.garnier@orange.com>",
        "System.ChangedDate": "2022-03-09T13:11:09.297Z",
        "System.ChangedBy": "Benjamin Brison <benjamin.brison@orange.com>",
        "System.Title": "Obtenir un outil de messagerie instantanée pour la communication avec les Equipes ADP",
        "Microsoft.VSTS.Scheduling.Effort": 0.0,
        "System.Description": "<div>Slack ? Teams ADP ? </div><div>Teams ADP : process avec charte à suivre </div>",
        "System.AssignedTo": null,
        "Microsoft.VSTS.Scheduling.RemainingWork": 0.0,
        "Microsoft.VSTS.Common.Priority": 2.0,
        "System.BoardLane": null,
        "System.Tags": null,
        "Microsoft.VSTS.TCM.Steps": null,
        "Microsoft.VSTS.TCM.Parameters": null,
        "Microsoft.VSTS.TCM.LocalDataSource": null,
        "Microsoft.VSTS.TCM.AutomationStatus": null,
        "System.History": null
      },
      "relations": null,
      "url": "https://dev.azure.com/GroupeADP/_apis/wit/workItems/2211"
    },
    {
      "id": 2226,
      "rev": 2,
      "fields": {
        "System.AreaPath": "N1308 – DigitalFactory – Infra Cloud",
        "System.TeamProject": "N1308 – DigitalFactory – Infra Cloud",
        "System.IterationPath": "N1308 – DigitalFactory – Infra Cloud",
        "System.WorkItemType": "Impediment",
        "System.State": "Open",
        "System.Reason": "New impediment",
        "System.CreatedDate": "2022-03-11T10:10:28.33Z",
        "System.CreatedBy": "gwendall.garnier <gwendall.garnier@orange.com>",
        "System.ChangedDate": "2022-03-11T10:10:44.86Z",
        "System.ChangedBy": "gwendall.garnier <gwendall.garnier@orange.com>",
        "System.Title": "Mise des DNS pour la délégation",
        "Microsoft.VSTS.Scheduling.Effort": 0.0,
        "System.Description": "<ul><li>Créer le DNS digital.cloud-adp.fr </li><li>Mettre à jour la délégation&nbsp; </li><li>Mettre à jour le DNS cloud-adp.fr pour référencer le zone de délégation digital </li><ul><li><a href=\"https://docs.microsoft.com/fr-fr/azure/dns/dns-domain-delegation\">https://docs.microsoft.com/fr-fr/azure/dns/dns-domain-delegation</a> </li> </ul><li><br> </li> </ul>",
        "System.AssignedTo": null,
        "Microsoft.VSTS.Scheduling.RemainingWork": 0.0,
        "Microsoft.VSTS.Common.Priority": 2.0,
        "System.BoardLane": null,
        "System.Tags": null,
        "Microsoft.VSTS.TCM.Steps": null,
        "Microsoft.VSTS.TCM.Parameters": null,
        "Microsoft.VSTS.TCM.LocalDataSource": null,
        "Microsoft.VSTS.TCM.AutomationStatus": null,
        "System.History": null
      },
      "relations": null,
      "url": "https://dev.azure.com/GroupeADP/_apis/wit/workItems/2226"
    },
    {
      "id": 2458,
      "rev": 2,
      "fields": {
        "System.AreaPath": "$ProjectName$\\N1308 - DigitalFactory - OBS",
        "System.TeamProject": "N1308 – DigitalFactory – Infra Cloud",
        "System.IterationPath": "$ProjectName$\\Sprint 2",
        "System.WorkItemType": "Impediment",
        "System.State": "Open",
        "System.Reason": "New impediment",
        "System.CreatedDate": "2022-04-14T14:07:43.2Z",
        "System.CreatedBy": "Benjamin Brison <benjamin.brison@orange.com>",
        "System.ChangedDate": "2022-04-26T13:47:09.18Z",
        "System.ChangedBy": "gwendall.garnier <gwendall.garnier@orange.com>",
        "System.Title": "Pas les droits d'utiliser le groupe de variable Digital.Shares dans les nouveaux pipelines",
        "Microsoft.VSTS.Scheduling.Effort": 0.0,
        "System.Description": "<div><a href=\"#\" data-vss-mention=\"version:2.0,3d84e6fa-89da-6111-a36c-a7e0c9915ea8\">@gwendall.garnier</a>&nbsp;en attente d'activation des permissions, je n'ai pas les droits sur ce groupe de variables. </div><div><br> </div><div><a href=\"https://dev.azure.com/GroupeADP/N1308%20%E2%80%93%20DigitalFactory%20%E2%80%93%20Infra%20Cloud/_build/results?buildId=4349&amp;view=results\">https://dev.azure.com/GroupeADP/N1308%20%E2%80%93%20DigitalFactory%20%E2%80%93%20Infra%20Cloud/_build/results?buildId=4349&amp;view=results</a><br> </div><div><br> </div><div>Il faudrait ajouter la team OBS - Lead Tech en propriétaire du groupe de variables pour ne plus avoir le pb. </div><div><br> </div><div><img src=\"https://dev.azure.com/GroupeADP/0ab2c281-d7a5-4fff-9ae2-30742ed6a2d1/_apis/wit/attachments/a7b3fe69-73c2-4cb4-9737-658b9983affd?fileName=image.png\" alt=Image><br> </div>",
        "System.AssignedTo": null,
        "Microsoft.VSTS.Scheduling.RemainingWork": 0.0,
        "Microsoft.VSTS.Common.Priority": 2.0,
        "System.BoardLane": null,
        "System.Tags": null,
        "Microsoft.VSTS.TCM.Steps": null,
        "Microsoft.VSTS.TCM.Parameters": null,
        "Microsoft.VSTS.TCM.LocalDataSource": null,
        "Microsoft.VSTS.TCM.AutomationStatus": null,
        "System.History": "<div>OBS team digital infra devient administrator des groupes de variables *.shares </div>"
      },
      "relations": [
        {
          "rel": "System.LinkTypes.Related",
          "url": "https://dev.azure.com/GroupeADP/_apis/wit/workItems/2456",
          "attributes": {
            "isLocked": "false",
            "name": "Related"
          }
        }
      ],
      "url": "https://dev.azure.com/GroupeADP/_apis/wit/workItems/2458"
    },
    {
      "id": 2679,
      "rev": 1,
      "fields": {
        "System.AreaPath": "$ProjectName$\\N1308 - DigitalFactory - OBS",
        "System.TeamProject": "N1308 – DigitalFactory – Infra Cloud",
        "System.IterationPath": "$ProjectName$\\Sprint 2",
        "System.WorkItemType": "Impediment",
        "System.State": "Open",
        "System.Reason": "New impediment",
        "System.CreatedDate": "2022-04-28T09:28:26.323Z",
        "System.CreatedBy": "Benjamin Brison <benjamin.brison@orange.com>",
        "System.ChangedDate": "2022-04-28T09:28:26.323Z",
        "System.ChangedBy": "Benjamin Brison <benjamin.brison@orange.com>",
        "System.Title": "Point de synchro Archi avec Sandy",
        "Microsoft.VSTS.Scheduling.Effort": 0.0,
        "System.Description": "<div>Expliciter les applications et leur mode de déploiement/exécution avec <a href=\"#\" data-vss-mention=\"version:2.0,4cf97baf-d07e-6a9f-a7bc-6bd70799a49b\">@Sandy Landriot</a>&nbsp; </div>",
        "System.AssignedTo": "Sandy Landriot <SANDY.LANDRIOT@adp.fr>",
        "Microsoft.VSTS.Scheduling.RemainingWork": 0.0,
        "Microsoft.VSTS.Common.Priority": 2.0,
        "System.BoardLane": null,
        "System.Tags": null,
        "Microsoft.VSTS.TCM.Steps": null,
        "Microsoft.VSTS.TCM.Parameters": null,
        "Microsoft.VSTS.TCM.LocalDataSource": null,
        "Microsoft.VSTS.TCM.AutomationStatus": null,
        "System.History": null
      },
      "relations": null,
      "url": "https://dev.azure.com/GroupeADP/_apis/wit/workItems/2679"
    }
  ],
  "HttpStatusCode": 0,
  "Message": null
}