[
  {
    "id": "490b01fa-eb17-4751-9c32-c6e3e6c86ed5",
    "name": "N1308 – DigitalFactory – Infra Cloud Team",
    "description": "The default project team.",
    "isDefault": "true"
  },
  {
    "id": "faa5ecd9-98ac-45c1-bb0f-52551c5c3bbb",
    "name": "N1308 - DF - DEV - ApproversAdn",
    "description": "",
    "isDefault": "false"
  },
  {
    "id": "6076fc37-09c9-45a5-ad3d-08f5ce9fc226",
    "name": "N1308 - DF - DEV - ApproversAPPSearchEng",
    "description": "",
    "isDefault": "false"
  },
  {
    "id": "99b3eb3f-24d8-4a98-b9fc-530a2dc52f25",
    "name": "N1308 - DF - DEV - ApproversDigitalNetwork",
    "description": "Approvers pour la partie Network du socle de Prod Digital - DEV",
    "isDefault": "false"
  },
  {
    "id": "d60a7aac-f508-4dbc-bca0-8dd7b8376bc9",
    "name": "N1308 - Eshop Dev Team",
    "description": "",
    "isDefault": "false"
  },
  {
    "id": "3a8348b1-e4a7-4f0f-b3ea-d0466d7e9e94",
    "name": "N1308 - DigitalFactory - DeployApproversDEV - DigitShare",
    "description": "Approvers pour la partie share du socle de Prod Digital - DEV",
    "isDefault": "false"
  },
  {
    "id": "e9853a14-dcca-41e1-b7dd-ad5361ad3465",
    "name": "N1308 - DF - DEV - ApproversExtimereward",
    "description": "",
    "isDefault": "false"
  },
  {
    "id": "d2c0e581-ad15-495b-aeed-f95e904a0ad1",
    "name": "N1308 - Sipa Dev Team",
    "description": "",
    "isDefault": "false"
  },
  {
    "id": "de839dc2-5f8d-4ee2-8b90-a4c1179fab31",
    "name": "N1308 - DigitalFactory - OBS",
    "description": "",
    "isDefault": "false"
  },
  {
    "id": "94323ce6-6cf8-4b99-848d-8c2d7b4b68e5",
    "name": "OBS - Lead Tech",
    "description": "",
    "isDefault": "false"
  },
  {
    "id": "f4e590ec-4db3-4ac4-bfb3-69ea7ff991a8",
    "name": "N1308 - DF - DEV - ApproversAPPMkpl",
    "description": "",
    "isDefault": "false"
  },
  {
    "id": "552bdd02-d747-4c0a-b03a-cebeb11fab65",
    "name": "N1308 - DF - DEV - ApproversAPPCstm",
    "description": "",
    "isDefault": "false"
  },
  {
    "id": "e6212e1d-e431-4d7c-9087-348ea3a20203",
    "name": "N1308 - Search Engine Dev Team",
    "description": "",
    "isDefault": "false"
  },
  {
    "id": "e41ce1d8-b027-41a8-96e6-da1edd0d5c42",
    "name": "N1308 - DigitalFactory - DeployApproversOPS - DigitShare",
    "description": "Approvers pour la partie Share du socle de Prod Digital - OPS",
    "isDefault": "false"
  },
  {
    "id": "e2dbc8bc-d6c0-4143-9961-f1e9cc36b778",
    "name": "N1308 - DF - DEV - ApproversAPPEshop",
    "description": "",
    "isDefault": "false"
  },
  {
    "id": "5323c827-0141-484b-b476-d9163e242c44",
    "name": "N1308 - DF - OPS - ApproversDigitalNetwork",
    "description": "Approvers pour la partie Network du socle de Prod Digital - OPS",
    "isDefault": "false"
  }
]