{
  "Extensions": [
    {
      "extensionName": "tfsec",
      "link": "<a href='https://marketplace.visualstudio.com/items?itemName=AquaSecurityOfficial.tfsec-official' target='_blank'><b>tfsec</b></a>",
      "publisherId": "AquaSecurityOfficial",
      "extensionId": "tfsec-official",
      "publisherName": "Aqua Security",
      "License": "<a href='https://marketplace.visualstudio.com/items?itemName=AquaSecurityOfficial.tfsec-official' target='_blank'>License Terms</a>"
    },
    {
      "extensionName": "trivy",
      "link": "<a href='https://marketplace.visualstudio.com/items?itemName=AquaSecurityOfficial.trivy-official' target='_blank'><b>trivy</b></a>",
      "publisherId": "AquaSecurityOfficial",
      "extensionId": "trivy-official",
      "publisherName": "Aqua Security",
      "License": "<a href='https://marketplace.visualstudio.com/items?itemName=AquaSecurityOfficial.trivy-official' target='_blank'>License Terms</a>"
    },
    {
      "extensionName": "Query Tile Extended",
      "link": "<a href='https://marketplace.visualstudio.com/items?itemName=aurelien-sudre.querytile-extended' target='_blank'><b>Query Tile Extended</b></a>",
      "publisherId": "aurelien-sudre",
      "extensionId": "querytile-extended",
      "publisherName": "Aurélien Sudre",
      "License": "<a href='https://marketplace.visualstudio.com/items?itemName=aurelien-sudre.querytile-extended' target='_blank'>License Terms</a>"
    },
    {
      "extensionName": "Cake",
      "link": "<a href='https://marketplace.visualstudio.com/items?itemName=cake-build.cake' target='_blank'><b>Cake</b></a>",
      "publisherId": "cake-build",
      "extensionId": "cake",
      "publisherName": "Cake Build",
      "License": "<a href='https://marketplace.visualstudio.com/items?itemName=cake-build.cake' target='_blank'>License Terms</a>"
    },
    {
      "extensionName": "Newman the cli Companion for Postman",
      "link": "<a href='https://marketplace.visualstudio.com/items?itemName=carlowahlstedt.NewmanPostman' target='_blank'><b>Newman the cli Companion for Postman</b></a>",
      "publisherId": "carlowahlstedt",
      "extensionId": "NewmanPostman",
      "publisherName": "Carlo Wahlstedt",
      "License": "<a href='https://marketplace.visualstudio.com/items?itemName=carlowahlstedt.NewmanPostman' target='_blank'>License Terms</a>"
    },
    {
      "extensionName": "Azure Pipelines Terraform Tasks",
      "link": "<a href='https://marketplace.visualstudio.com/items?itemName=charleszipp.azure-pipelines-tasks-terraform' target='_blank'><b>Azure Pipelines Terraform Tasks</b></a>",
      "publisherId": "charleszipp",
      "extensionId": "azure-pipelines-tasks-terraform",
      "publisherName": "Charles Zipp",
      "License": "<a href='https://marketplace.visualstudio.com/items?itemName=charleszipp.azure-pipelines-tasks-terraform' target='_blank'>License Terms</a>"
    },
    {
      "extensionName": "OWASP ZAP Scanner",
      "link": "<a href='https://marketplace.visualstudio.com/items?itemName=CSE-DevOps.zap-scanner' target='_blank'><b>OWASP ZAP Scanner</b></a>",
      "publisherId": "CSE-DevOps",
      "extensionId": "zap-scanner",
      "publisherName": "CSE-DevOps",
      "License": "<a href='https://marketplace.visualstudio.com/items?itemName=CSE-DevOps.zap-scanner' target='_blank'>License Terms</a>"
    },
    {
      "extensionName": "Databricks Script Deployment Task by Data Thirst",
      "link": "<a href='https://marketplace.visualstudio.com/items?itemName=DataThirstLtd.databricksDeployScriptsTasks' target='_blank'><b>Databricks Script Deployment Task by Data Thirst</b></a>",
      "publisherId": "DataThirstLtd",
      "extensionId": "databricksDeployScriptsTasks",
      "publisherName": "Data Thirst Ltd",
      "License": "<a href='https://marketplace.visualstudio.com/items?itemName=DataThirstLtd.databricksDeployScriptsTasks' target='_blank'>License Terms</a>"
    },
    {
      "extensionName": "OWASP Dependency Check",
      "link": "<a href='https://marketplace.visualstudio.com/items?itemName=dependency-check.dependencycheck' target='_blank'><b>OWASP Dependency Check</b></a>",
      "publisherId": "dependency-check",
      "extensionId": "dependencycheck",
      "publisherName": "OWASP Dependency Check",
      "License": "<a href='https://marketplace.visualstudio.com/items?itemName=dependency-check.dependencycheck' target='_blank'>License Terms</a>"
    },
    {
      "extensionName": "GitTools",
      "link": "<a href='https://marketplace.visualstudio.com/items?itemName=gittools.gittools' target='_blank'><b>GitTools</b></a>",
      "publisherId": "gittools",
      "extensionId": "gittools",
      "publisherName": "GitTools",
      "License": "<a href='https://marketplace.visualstudio.com/items?itemName=gittools.gittools' target='_blank'>License Terms</a>"
    },
    {
      "extensionName": "GitVersion",
      "link": "<a href='https://marketplace.visualstudio.com/items?itemName=gittools.gitversion' target='_blank'><b>GitVersion</b></a>",
      "publisherId": "gittools",
      "extensionId": "gitversion",
      "publisherName": "GitTools",
      "License": "<a href='https://marketplace.visualstudio.com/items?itemName=gittools.gitversion' target='_blank'>License Terms</a>"
    },
    {
      "extensionName": "Infracost Tasks",
      "link": "<a href='https://marketplace.visualstudio.com/items?itemName=Infracost.infracost-tasks' target='_blank'><b>Infracost Tasks</b></a>",
      "publisherId": "Infracost",
      "extensionId": "infracost-tasks",
      "publisherName": "Infracost",
      "License": "<a href='https://marketplace.visualstudio.com/items?itemName=Infracost.infracost-tasks' target='_blank'>License Terms</a>"
    },
    {
      "extensionName": "SendGrid Email",
      "link": "<a href='https://marketplace.visualstudio.com/items?itemName=kasunkodagoda.sendgrid-email' target='_blank'><b>SendGrid Email</b></a>",
      "publisherId": "kasunkodagoda",
      "extensionId": "sendgrid-email",
      "publisherName": "Kasun Kodagoda",
      "License": "<a href='https://marketplace.visualstudio.com/items?itemName=kasunkodagoda.sendgrid-email' target='_blank'>License Terms</a>"
    },
    {
      "extensionName": "Pull Request Merge Conflict Extension",
      "link": "<a href='https://marketplace.visualstudio.com/items?itemName=ms-devlabs.conflicts-tab' target='_blank'><b>Pull Request Merge Conflict Extension</b></a>",
      "publisherId": "ms-devlabs",
      "extensionId": "conflicts-tab",
      "publisherName": "Microsoft DevLabs",
      "License": "<a href='https://marketplace.visualstudio.com/items?itemName=ms-devlabs.conflicts-tab' target='_blank'>License Terms</a>"
    },
    {
      "extensionName": "Terraform",
      "link": "<a href='https://marketplace.visualstudio.com/items?itemName=ms-devlabs.custom-terraform-tasks' target='_blank'><b>Terraform</b></a>",
      "publisherId": "ms-devlabs",
      "extensionId": "custom-terraform-tasks",
      "publisherName": "Microsoft DevLabs",
      "License": "<a href='https://marketplace.visualstudio.com/items?itemName=ms-devlabs.custom-terraform-tasks' target='_blank'>License Terms</a>"
    },
    {
      "extensionName": "Retrospectives",
      "link": "<a href='https://marketplace.visualstudio.com/items?itemName=ms-devlabs.team-retrospectives' target='_blank'><b>Retrospectives</b></a>",
      "publisherId": "ms-devlabs",
      "extensionId": "team-retrospectives",
      "publisherName": "Microsoft DevLabs",
      "License": "<a href='https://marketplace.visualstudio.com/items?itemName=ms-devlabs.team-retrospectives' target='_blank'>License Terms</a>"
    },
    {
      "extensionName": "Power BI automation tools",
      "link": "<a href='https://marketplace.visualstudio.com/items?itemName=ms-pbi-api.pbi-automation-tools' target='_blank'><b>Power BI automation tools</b></a>",
      "publisherId": "ms-pbi-api",
      "extensionId": "pbi-automation-tools",
      "publisherName": "Microsoft",
      "License": "<a href='https://marketplace.visualstudio.com/items?itemName=ms-pbi-api.pbi-automation-tools' target='_blank'>License Terms</a>"
    },
    {
      "extensionName": "Apple App Store",
      "link": "<a href='https://marketplace.visualstudio.com/items?itemName=ms-vsclient.app-store' target='_blank'><b>Apple App Store</b></a>",
      "publisherId": "ms-vsclient",
      "extensionId": "app-store",
      "publisherName": "Microsoft",
      "License": "<a href='https://marketplace.visualstudio.com/items?itemName=ms-vsclient.app-store' target='_blank'>License Terms</a>"
    },
    {
      "extensionName": "Google Play",
      "link": "<a href='https://marketplace.visualstudio.com/items?itemName=ms-vsclient.google-play' target='_blank'><b>Google Play</b></a>",
      "publisherId": "ms-vsclient",
      "extensionId": "google-play",
      "publisherName": "Microsoft",
      "License": "<a href='https://marketplace.visualstudio.com/items?itemName=ms-vsclient.google-play' target='_blank'>License Terms</a>"
    },
    {
      "extensionName": "Enhanced Export",
      "link": "<a href='https://marketplace.visualstudio.com/items?itemName=mskold.mskold-enhanced-export' target='_blank'><b>Enhanced Export</b></a>",
      "publisherId": "mskold",
      "extensionId": "mskold-enhanced-export",
      "publisherName": "MSKOLD AB",
      "License": "<a href='https://marketplace.visualstudio.com/items?itemName=mskold.mskold-enhanced-export' target='_blank'>License Terms</a>"
    },
    {
      "extensionName": "Pull Request Search",
      "link": "<a href='https://marketplace.visualstudio.com/items?itemName=ottostreifel.pull-request-search' target='_blank'><b>Pull Request Search</b></a>",
      "publisherId": "ottostreifel",
      "extensionId": "pull-request-search",
      "publisherName": "Otto Streifel",
      "License": "<a href='https://marketplace.visualstudio.com/items?itemName=ottostreifel.pull-request-search' target='_blank'>License Terms</a>"
    },
    {
      "extensionName": "ReportGenerator",
      "link": "<a href='https://marketplace.visualstudio.com/items?itemName=Palmmedia.reportgenerator' target='_blank'><b>ReportGenerator</b></a>",
      "publisherId": "Palmmedia",
      "extensionId": "reportgenerator",
      "publisherName": "Palmmedia",
      "License": "<a href='https://marketplace.visualstudio.com/items?itemName=Palmmedia.reportgenerator' target='_blank'>License Terms</a>"
    },
    {
      "extensionName": "Zip and unzip directory build task",
      "link": "<a href='https://marketplace.visualstudio.com/items?itemName=petergroenewegen.PeterGroenewegen-Xpirit-Vsts-Build-Zip' target='_blank'><b>Zip and unzip directory build task</b></a>",
      "publisherId": "petergroenewegen",
      "extensionId": "PeterGroenewegen-Xpirit-Vsts-Build-Zip",
      "publisherName": "Peter Groenewegen",
      "License": "<a href='https://marketplace.visualstudio.com/items?itemName=petergroenewegen.PeterGroenewegen-Xpirit-Vsts-Build-Zip' target='_blank'>License Terms</a>"
    },
    {
      "extensionName": "Replace Tokens",
      "link": "<a href='https://marketplace.visualstudio.com/items?itemName=qetza.replacetokens' target='_blank'><b>Replace Tokens</b></a>",
      "publisherId": "qetza",
      "extensionId": "replacetokens",
      "publisherName": "Guillaume Rouchon",
      "License": "<a href='https://marketplace.visualstudio.com/items?itemName=qetza.replacetokens' target='_blank'>License Terms</a>"
    },
    {
      "extensionName": "Generate Release Notes (Crossplatform)",
      "link": "<a href='https://marketplace.visualstudio.com/items?itemName=richardfennellBM.BM-VSTS-XplatGenerateReleaseNotes' target='_blank'><b>Generate Release Notes (Crossplatform)</b></a>",
      "publisherId": "richardfennellBM",
      "extensionId": "BM-VSTS-XplatGenerateReleaseNotes",
      "publisherName": "Richard Fennell (Black Marble)",
      "License": "<a href='https://marketplace.visualstudio.com/items?itemName=richardfennellBM.BM-VSTS-XplatGenerateReleaseNotes' target='_blank'>License Terms</a>"
    },
    {
      "extensionName": "DevOps for Azure Databricks",
      "link": "<a href='https://marketplace.visualstudio.com/items?itemName=riserrad.azdo-databricks' target='_blank'><b>DevOps for Azure Databricks</b></a>",
      "publisherId": "riserrad",
      "extensionId": "azdo-databricks",
      "publisherName": "Microsoft DevLabs",
      "License": "<a href='https://marketplace.visualstudio.com/items?itemName=riserrad.azdo-databricks' target='_blank'>License Terms</a>"
    },
    {
      "extensionName": "Send Email",
      "link": "<a href='https://marketplace.visualstudio.com/items?itemName=rvo.SendEmailTask' target='_blank'><b>Send Email</b></a>",
      "publisherId": "rvo",
      "extensionId": "SendEmailTask",
      "publisherName": "Rene van Osnabrugge (Xpirit)",
      "License": "<a href='https://marketplace.visualstudio.com/items?itemName=rvo.SendEmailTask' target='_blank'>License Terms</a>"
    },
    {
      "extensionName": "Replace Text in Source Files",
      "link": "<a href='https://marketplace.visualstudio.com/items?itemName=Samayas.azuredevops-samayas-replaceinfiles' target='_blank'><b>Replace Text in Source Files</b></a>",
      "publisherId": "Samayas",
      "extensionId": "azuredevops-samayas-replaceinfiles",
      "publisherName": "Samayas",
      "License": "<a href='https://marketplace.visualstudio.com/items?itemName=Samayas.azuredevops-samayas-replaceinfiles' target='_blank'>License Terms</a>"
    },
    {
      "extensionName": "SonarQube",
      "link": "<a href='https://marketplace.visualstudio.com/items?itemName=SonarSource.sonarqube' target='_blank'><b>SonarQube</b></a>",
      "publisherId": "SonarSource",
      "extensionId": "sonarqube",
      "publisherName": "SonarSource",
      "License": "<a href='https://marketplace.visualstudio.com/items?itemName=SonarSource.sonarqube' target='_blank'>License Terms</a>"
    },
    {
      "extensionName": "Changelog Generation Tools",
      "link": "<a href='https://marketplace.visualstudio.com/items?itemName=STDevTeam.stdev-cfgc-extension' target='_blank'><b>Changelog Generation Tools</b></a>",
      "publisherId": "STDevTeam",
      "extensionId": "stdev-cfgc-extension",
      "publisherName": "STDev Team",
      "License": "<a href='https://marketplace.visualstudio.com/items?itemName=STDevTeam.stdev-cfgc-extension' target='_blank'>License Terms</a>"
    },
    {
      "extensionName": "Mobile App Tasks for iOS and Android",
      "link": "<a href='https://marketplace.visualstudio.com/items?itemName=vs-publisher-473885.motz-mobile-buildtasks' target='_blank'><b>Mobile App Tasks for iOS and Android</b></a>",
      "publisherId": "vs-publisher-473885",
      "extensionId": "motz-mobile-buildtasks",
      "publisherName": "James Montemagno",
      "License": "<a href='https://marketplace.visualstudio.com/items?itemName=vs-publisher-473885.motz-mobile-buildtasks' target='_blank'>License Terms</a>"
    },
    {
      "extensionName": "Code Search",
      "link": "<a href='https://marketplace.visualstudio.com/items?itemName=ms.vss-code-search' target='_blank'><b>Code Search</b></a>",
      "publisherId": "ms",
      "extensionId": "vss-code-search",
      "publisherName": "Microsoft",
      "License": "<a href='https://marketplace.visualstudio.com/items?itemName=ms.vss-code-search' target='_blank'>License Terms</a>"
    }
  ]
}